﻿<?xml version="1.0" encoding="utf-8"?>
<BookNames>
  <book code="GEN" abbr="Gn." short="Génesis" long="Génesis" />
  <book code="EXO" abbr="Ex." short="Éxodo" long="Éxodo" />
  <book code="LEV" abbr="Lv." short="Levítico" long="Levítico" />
  <book code="NUM" abbr="Nm." short="Números" long="Números" />
  <book code="DEU" abbr="Dt." short="Deuteronomio" long="Deuteronomio" />
  <book code="JOS" abbr="Jos." short="Josué" long="Josué" />
  <book code="JDG" abbr="Jue." short="Jueces" long="Jueces" />
  <book code="RUT" abbr="Rt." short="Rut" long="Rut" />
  <book code="1SA" abbr="1 S." short="1 Samuel" long="Primer libro de Samuel" />
  <book code="2SA" abbr="2 S." short="2 Samuel" long="Segundo libro de Samuel" />
  <book code="1KI" abbr="1 R." short="1 Reyes" long="Primer libro de los Reyes" />
  <book code="2KI" abbr="2 R." short="2 Reyes" long="Segundo libro de los Reyes" />
  <book code="1CH" abbr="1 Cr." short="1 Crónicas" long="Primer libro de las Crónicas" />
  <book code="2CH" abbr="2 Cr." short="2 Crónicas" long="Segundo libro de las Crónicas" />
  <book code="EZR" abbr="Esd." short="Esdras" long="Esdras" />
  <book code="NEH" abbr="Neh." short="Nehemías" long="Nehemías" />
  <book code="EST" abbr="Est." short="Ester" long="Ester" />
  <book code="JOB" abbr="Job" short="Job" long="Job" />
  <book code="PSA" abbr="Sal." short="Salmos" long="Salmos" />
  <book code="PRO" abbr="Pr." short="Proverbios" long="Proverbios" />
  <book code="ECC" abbr="Ec." short="Eclesiastés" long="Eclesiastés" />
  <book code="SNG" abbr="Cnt." short="Cantares" long="El Cantar de los Cantares" />
  <book code="ISA" abbr="Is." short="Isaías" long="Isaías" />
  <book code="JER" abbr="Jer." short="Jeremías" long="Jeremías" />
  <book code="LAM" abbr="Lm." short="Lamentaciones" long="Lamentaciones" />
  <book code="EZK" abbr="Ez." short="Ezequiel" long="Ezequiel" />
  <book code="DAN" abbr="Dn." short="Daniel" long="Daniel" />
  <book code="HOS" abbr="Os." short="Oseas" long="Oseas" />
  <book code="JOL" abbr="Jl." short="Joel" long="Joel" />
  <book code="AMO" abbr="Am." short="Amós" long="Amós" />
  <book code="OBA" abbr="Abd." short="Abdías" long="Abdías" />
  <book code="JON" abbr="Jon." short="Jonás" long="Jonás" />
  <book code="MIC" abbr="Mi." short="Miqueas" long="Miqueas" />
  <book code="NAM" abbr="Nah." short="Nahúm" long="Nahúm" />
  <book code="HAB" abbr="Hab." short="Habacuc" long="Habacuc" />
  <book code="ZEP" abbr="Sof." short="Sofonías" long="Sofonías" />
  <book code="HAG" abbr="Hag." short="Hageo" long="Hageo" />
  <book code="ZEC" abbr="Zac." short="Zacarías" long="Zacarías" />
  <book code="MAL" abbr="Mal." short="Malaquías" long="Malaquías" />
  <book code="MAT" abbr="Mt." short="San Mateo" long="Evangelio según San Mateo" />
  <book code="MRK" abbr="Mr." short="San Marcos" long="Evangelio según San Marcos" />
  <book code="LUK" abbr="Lc." short="San Lucas" long="Evangelio según San Lucas" />
  <book code="JHN" abbr="Jn." short="San Juan" long="Evangelio según San Juan" />
  <book code="ACT" abbr="Hch." short="Hechos" long="Hechos de los Apóstoles" />
  <book code="ROM" abbr="Ro." short="Romanos" long="Carta de san Pablo a los Romanos" />
  <book code="1CO" abbr="1 Co." short="1 Corintios" long="Primera carta de san Pablo a los Corintios" />
  <book code="2CO" abbr="2 Co." short="2 Corintios" long="Segunda carta de san Pablo a los Corintios" />
  <book code="GAL" abbr="Ga." short="Gálatas" long="Carta de san Pablo a los Gálatas" />
  <book code="EPH" abbr="Ef." short="Efesios" long="Carta de san Pablo a los Efesios" />
  <book code="PHP" abbr="Fil." short="Filipenses" long="Carta de san Pablo a los Filipenses" />
  <book code="COL" abbr="Col." short="Colosenses" long="Carta de san Pablo a los Colosenses" />
  <book code="1TH" abbr="1 Ts." short="1 Tesalonicenses" long="Primera carta de san Pablo a los Tesalonicenses" />
  <book code="2TH" abbr="2 Ts." short="2 Tesalonicenses" long="Segunda carta de san Pablo a los Tesalonicenses" />
  <book code="1TI" abbr="1 Ti." short="1 Timoteo" long="Primera carta de san Pablo a Timoteo" />
  <book code="2TI" abbr="2 Ti." short="2 Timoteo" long="Segunda carta de san Pablo a Timoteo" />
  <book code="TIT" abbr="Tit." short="Tito" long="Carta de san Pablo a Tito" />
  <book code="PHM" abbr="Flm." short="Filemón" long="Carta de san Pablo a Filemón" />
  <book code="HEB" abbr="He." short="Hebreos" long="Carta a los Hebreos" />
  <book code="JAS" abbr="Stg." short="Santiago" long="Carta de Santiago" />
  <book code="1PE" abbr="1 P." short="1 Pedro" long="Primera carta de san Pedro" />
  <book code="2PE" abbr="2 P." short="2 Pedro" long="Segunda carta de san Pedro" />
  <book code="1JN" abbr="1 Jn." short="1 Juan" long="Primera carta de san Juan" />
  <book code="2JN" abbr="2 Jn." short="2 Juan" long="Segunda carta de san Juan" />
  <book code="3JN" abbr="3 Jn." short="3 Juan" long="Tercera carta de san Juan" />
  <book code="JUD" abbr="Jud." short="Judas" long="Carta de san Judas" />
  <book code="REV" abbr="Ap." short="Apocalipsis" long="Apocalipsis" />
  <book code="TOB" abbr="" short="Tobit" long="" />
  <book code="JDT" abbr="" short="Judith" long="" />
  <book code="ESG" abbr="" short="Esther Greek" long="" />
  <book code="WIS" abbr="" short="Wisdom of Solomon" long="" />
  <book code="SIR" abbr="" short="Sirach (Ecclesiasticus)" long="" />
  <book code="BAR" abbr="" short="Baruch" long="" />
  <book code="LJE" abbr="" short="Letter of Jeremiah" long="" />
  <book code="S3Y" abbr="" short="Song of 3 Young Men" long="" />
  <book code="SUS" abbr="" short="Susanna" long="" />
  <book code="BEL" abbr="" short="Bel and the Dragon" long="" />
  <book code="1MA" abbr="" short="1 Maccabees" long="" />
  <book code="2MA" abbr="" short="2 Maccabees" long="" />
  <book code="3MA" abbr="" short="3 Maccabees" long="" />
  <book code="4MA" abbr="" short="4 Maccabees" long="" />
  <book code="1ES" abbr="" short="1 Esdras (Greek)" long="" />
  <book code="2ES" abbr="" short="2 Esdras (Latin)" long="" />
  <book code="MAN" abbr="" short="Prayer of Manasseh" long="" />
  <book code="PS2" abbr="" short="Psalm 151" long="" />
  <book code="ODA" abbr="" short="Odes" long="" />
  <book code="PSS" abbr="" short="Psalms of Solomon" long="" />
  <book code="JSA" abbr="" short="Joshua A. *obsolete*" long="" />
  <book code="JDB" abbr="" short="Judges B. *obsolete*" long="" />
  <book code="TBS" abbr="" short="Tobit S. *obsolete*" long="" />
  <book code="SST" abbr="" short="Susanna Th. *obsolete*" long="" />
  <book code="DNT" abbr="" short="Daniel Th. *obsolete*" long="" />
  <book code="BLT" abbr="" short="Bel Th. *obsolete*" long="" />
  <book code="3ES" abbr="" short="3 Ezra *obsolete*" long="" />
  <book code="EZA" abbr="" short="Apocalypse of Ezra" long="" />
  <book code="5EZ" abbr="" short="5 Ezra (Latin Prologue)" long="" />
  <book code="6EZ" abbr="" short="6 Ezra (Latin Epilogue)" long="" />
  <book code="DAG" abbr="" short="Daniel Greek" long="" />
  <book code="PS3" abbr="" short="Psalms 152-155" long="" />
  <book code="2BA" abbr="" short="2 Baruch (Apocalypse)" long="" />
  <book code="LBA" abbr="" short="Letter of Baruch" long="" />
  <book code="JUB" abbr="" short="Jubilees" long="" />
  <book code="ENO" abbr="" short="Enoch" long="" />
  <book code="1MQ" abbr="" short="1 Meqabyan" long="" />
  <book code="2MQ" abbr="" short="2 Meqabyan" long="" />
  <book code="3MQ" abbr="" short="3 Meqabyan" long="" />
  <book code="REP" abbr="" short="Reproof (Proverbs 25-31)" long="" />
  <book code="4BA" abbr="" short="4 Baruch (Rest of Baruch)" long="" />
  <book code="LAO" abbr="" short="Laodiceans" long="" />
</BookNames>