﻿<?xml version="1.0" encoding="utf-8"?>
<Submission xmlns:i="http://www.w3.org/2001/XMLSchema-instance" xmlns="http://schemas.datacontract.org/2004/07/PublishingAssistant.Archiving">
  <BasePath>C:\My Paratext 9 Projects\VRV09\InDesign\DBLUpload\POD_Default</BasePath>
  <Contents>
    <SubmissionContent>
      <BookId>MAT</BookId>
      <BottomEdgeSpace>9</BottomEdgeSpace>
      <DependentMD5></DependentMD5>
      <Fonts xmlns:d4p1="http://schemas.datacontract.org/2004/07/System">
        <d4p1:TupleOfstringstring>
          <d4p1:m_Item1>Myriad Pro CondensedCondensed</d4p1:m_Item1>
          <d4p1:m_Item2>Other</d4p1:m_Item2>
        </d4p1:TupleOfstringstring>
        <d4p1:TupleOfstringstring>
          <d4p1:m_Item1>Myriad Pro RegularRegular</d4p1:m_Item1>
          <d4p1:m_Item2>Other</d4p1:m_Item2>
        </d4p1:TupleOfstringstring>
        <d4p1:TupleOfstringstring>
          <d4p1:m_Item1>Myriad Pro BoldBold</d4p1:m_Item1>
          <d4p1:m_Item2>Other</d4p1:m_Item2>
        </d4p1:TupleOfstringstring>
        <d4p1:TupleOfstringstring>
          <d4p1:m_Item1>Myriad Pro ItalicItalic</d4p1:m_Item1>
          <d4p1:m_Item2>Other</d4p1:m_Item2>
        </d4p1:TupleOfstringstring>
        <d4p1:TupleOfstringstring>
          <d4p1:m_Item1>Minion Pro RegularRegular</d4p1:m_Item1>
          <d4p1:m_Item2>Other</d4p1:m_Item2>
        </d4p1:TupleOfstringstring>
        <d4p1:TupleOfstringstring>
          <d4p1:m_Item1>Segoe UI Symbol RegularRegular</d4p1:m_Item1>
          <d4p1:m_Item2>OpenType</d4p1:m_Item2>
        </d4p1:TupleOfstringstring>
      </Fonts>
      <InsideEdgeSpace>14</InsideEdgeSpace>
      <MD5>B54AA2F8E06E863E0700B0C0C15B05B3</MD5>
      <Order>1</Order>
      <OutsideEdgeSpace>10</OutsideEdgeSpace>
      <PageCount>22</PageCount>
      <PageHeight>230</PageHeight>
      <PageWidth>155</PageWidth>
      <RelativeFileName>40MAT.indd</RelativeFileName>
      <Size>3960832</Size>
      <TopEdgeSpace>5</TopEdgeSpace>
      <submissionBasePath>C:\My Paratext 9 Projects\VRV09\InDesign\DBLUpload\POD_Default</submissionBasePath>
    </SubmissionContent>
    <SubmissionContent>
      <BookId>CVR</BookId>
      <BottomEdgeSpace>12</BottomEdgeSpace>
      <DependentMD5></DependentMD5>
      <Fonts xmlns:d4p1="http://schemas.datacontract.org/2004/07/System">
        <d4p1:TupleOfstringstring>
          <d4p1:m_Item1>Minion Pro RegularRegular</d4p1:m_Item1>
          <d4p1:m_Item2>Other</d4p1:m_Item2>
        </d4p1:TupleOfstringstring>
        <d4p1:TupleOfstringstring>
          <d4p1:m_Item1>Myriad Pro CondensedCondensed</d4p1:m_Item1>
          <d4p1:m_Item2>Other</d4p1:m_Item2>
        </d4p1:TupleOfstringstring>
        <d4p1:TupleOfstringstring>
          <d4p1:m_Item1>Myriad Pro BoldBold</d4p1:m_Item1>
          <d4p1:m_Item2>Other</d4p1:m_Item2>
        </d4p1:TupleOfstringstring>
        <d4p1:TupleOfstringstring>
          <d4p1:m_Item1>Myriad Pro RegularRegular</d4p1:m_Item1>
          <d4p1:m_Item2>Other</d4p1:m_Item2>
        </d4p1:TupleOfstringstring>
      </Fonts>
      <InsideEdgeSpace>10</InsideEdgeSpace>
      <MD5>AE5E35426EE50267E0CB55CE7017BE7A</MD5>
      <Order>1000</Order>
      <OutsideEdgeSpace>10</OutsideEdgeSpace>
      <PageCount>1</PageCount>
      <PageHeight>230</PageHeight>
      <PageWidth>155</PageWidth>
      <RelativeFileName>ZZCVR - Default.indd</RelativeFileName>
      <Size>1441792</Size>
      <TopEdgeSpace>12</TopEdgeSpace>
      <submissionBasePath>C:\My Paratext 9 Projects\VRV09\InDesign\DBLUpload\POD_Default</submissionBasePath>
    </SubmissionContent>
    <SubmissionContent>
      <BookId i:nil="true" />
      <BottomEdgeSpace>0</BottomEdgeSpace>
      <DependentMD5>0109D4C55EA9741F7D167C995F160563</DependentMD5>
      <Fonts xmlns:d4p1="http://schemas.datacontract.org/2004/07/System" i:nil="true" />
      <InsideEdgeSpace>0</InsideEdgeSpace>
      <MD5>9E1996C1F2EC1E424EF7E6CB69F511AA</MD5>
      <Order>0</Order>
      <OutsideEdgeSpace>0</OutsideEdgeSpace>
      <PageCount>0</PageCount>
      <PageHeight>0</PageHeight>
      <PageWidth>0</PageWidth>
      <RelativeFileName>Inside.pdf</RelativeFileName>
      <Size>2345365</Size>
      <TopEdgeSpace>0</TopEdgeSpace>
      <submissionBasePath>C:\My Paratext 9 Projects\VRV09\InDesign\DBLUpload\POD_Default</submissionBasePath>
    </SubmissionContent>
    <SubmissionContent>
      <BookId i:nil="true" />
      <BottomEdgeSpace>0</BottomEdgeSpace>
      <DependentMD5>B6150F1D6BE37D5DF26AEA13FA4F7D5E</DependentMD5>
      <Fonts xmlns:d4p1="http://schemas.datacontract.org/2004/07/System" i:nil="true" />
      <InsideEdgeSpace>0</InsideEdgeSpace>
      <MD5>D84ABC3DB553C93D4A408036D7E2C51F</MD5>
      <Order>0</Order>
      <OutsideEdgeSpace>0</OutsideEdgeSpace>
      <PageCount>0</PageCount>
      <PageHeight>0</PageHeight>
      <PageWidth>0</PageWidth>
      <RelativeFileName>Cover.pdf</RelativeFileName>
      <Size>101722</Size>
      <TopEdgeSpace>0</TopEdgeSpace>
      <submissionBasePath>C:\My Paratext 9 Projects\VRV09\InDesign\DBLUpload\POD_Default</submissionBasePath>
    </SubmissionContent>
    <SubmissionContent>
      <BookId i:nil="true" />
      <BottomEdgeSpace>0</BottomEdgeSpace>
      <DependentMD5>B6150F1D6BE37D5DF26AEA13FA4F7D5E</DependentMD5>
      <Fonts xmlns:d4p1="http://schemas.datacontract.org/2004/07/System" i:nil="true" />
      <InsideEdgeSpace>0</InsideEdgeSpace>
      <MD5>31D2F724CD6BB1B2036BB9B1C40E7393</MD5>
      <Order>0</Order>
      <OutsideEdgeSpace>0</OutsideEdgeSpace>
      <PageCount>0</PageCount>
      <PageHeight>0</PageHeight>
      <PageWidth>0</PageWidth>
      <RelativeFileName>FrontCover.jpg</RelativeFileName>
      <Size>13378</Size>
      <TopEdgeSpace>0</TopEdgeSpace>
      <submissionBasePath>C:\My Paratext 9 Projects\VRV09\InDesign\DBLUpload\POD_Default</submissionBasePath>
    </SubmissionContent>
  </Contents>
  <DependentSubmissionName i:nil="true" />
  <ForceCompliance>false</ForceCompliance>
  <GetMinimumInsideEdgeSpace xmlns:d2p1="http://schemas.microsoft.com/2003/10/Serialization/Arrays">
    <d2p1:double>5</d2p1:double>
    <d2p1:double>14</d2p1:double>
    <d2p1:double>9</d2p1:double>
    <d2p1:double>10</d2p1:double>
  </GetMinimumInsideEdgeSpace>
  <IsCompliant>true</IsCompliant>
  <JobPath>C:\My Paratext 9 Projects\VRV09\InDesign\DBLUpload</JobPath>
  <Submitted>false</Submitted>
</Submission>